셀러,밴더사
다다맘,더개런티
아무르제이,더개런티
야미살림,위더스컴퍼니
이응홈,탐이즈
우리우,레몬트리
마이어홈,위더스컴퍼니
진쓰,로아스랩
코코꿀템,지엠홀딩스
목리집박주부,대연파트너스
살림맘,엔브리즈
송석태,스타일셀러
서진쌤,무아스
리보홈,와이즈벤더
미니맘,로아스랩
오사오이홈,위더스컴퍼니
갓살림,위더스컴퍼니
심플하루,무아스
예맘네,디케이플래닛
카루셀리,무아스
리브가린,위더스컴퍼니
아하맘,지엠홀딩스
아임박선생,위더스컴퍼니
비니맘마,위더스컴퍼니
뷰티팡팡밍빵,위더스컴퍼니
지니오니,제이엘
아린이네,디케이플래닛
밍융맘,제이엘
봉봉스위트홈,위더스컴퍼니
마그넷쀼,무아스
연두무아,위더스컴퍼니
휘안맘,위더스컴퍼니
조아요그램,대연파트너스
이유살림,위더스컴퍼니
해나하우스,위더스컴퍼니
주들,디케이플래닛
살림구조대,지엠홀딩스
꼬미하우스,레몬트리
헤이홈,위더스컴퍼니
현맘,니드유
김희경,트리에티
이층집살림,위더스컴퍼니
건우연우네,제이엘
하봄,레몬트리
원룸만들기,무아스
새록맘,지엠홀딩스
집꿀,대연파트너스
매주가족,디케이플래닛
단단홈,탐이즈
샤인맘,무아스
심플리홈,무아스
